Date,Open,Close,delta,% delta,mean,median,
1/4/2021,3764.610107,3700.649902,,,0.05%,0.07%,
1/5/2021,3698.02002,3726.860107,26.210,0.71%,,,
1/6/2021,3712.199951,3748.139893,21.280,0.57%,,,
1/7/2021,3764.709961,3803.790039,55.650,1.48%,,>2%,27
1/8/2021,3815.050049,3824.679932,20.890,0.55%,,<2%,30
1/11/2021,3803.139893,3799.610107,-25.070,-0.66%,,,
1/12/2021,3801.620117,3801.189941,1.580,0.04%,,>1.5,59
1/13/2021,3802.22998,3809.840088,8.650,0.23%,,<1.5,59
1/14/2021,3814.97998,3795.540039,-14.300,-0.38%,,,
1/15/2021,3788.72998,3768.25,-27.290,-0.72%,,,
1/19/2021,3781.879883,3798.909912,30.660,0.81%,,,
1/20/2021,3816.219971,3851.850098,52.940,1.39%,,,
1/21/2021,3857.459961,3853.070068,1.220,0.03%,,,
1/22/2021,3844.23999,3841.469971,-11.600,-0.30%,,,
1/25/2021,3851.679932,3855.360107,13.890,0.36%,,,
1/26/2021,3862.959961,3849.620117,-5.740,-0.15%,,,
1/27/2021,3836.830078,3750.77002,-98.850,-2.57%,,,
1/28/2021,3755.75,3787.379883,36.610,0.98%,,,
1/29/2021,3778.050049,3714.23999,-73.140,-1.93%,,,
2/1/2021,3731.169922,3773.860107,59.620,1.61%,,,
2/2/2021,3791.840088,3826.310059,52.450,1.39%,,,
2/3/2021,3840.27002,3830.169922,3.860,0.10%,,,
2/4/2021,3836.659912,3871.73999,41.570,1.09%,,,
2/5/2021,3878.300049,3886.830078,15.090,0.39%,,,
2/8/2021,3892.590088,3915.590088,28.760,0.74%,,,
2/9/2021,3910.48999,3911.22998,-4.360,-0.11%,,,
2/10/2021,3920.780029,3909.879883,-1.350,-0.03%,,,
2/11/2021,3916.399902,3916.379883,6.500,0.17%,,,
2/12/2021,3911.649902,3934.830078,18.450,0.47%,,,
2/16/2021,3939.610107,3932.590088,-2.240,-0.06%,,,
2/17/2021,3918.5,3931.330078,-1.260,-0.03%,,,
2/18/2021,3915.860107,3913.969971,-17.360,-0.44%,,,
2/19/2021,3921.159912,3906.709961,-7.260,-0.19%,,,
2/22/2021,3885.550049,3876.5,-30.210,-0.77%,,,
2/23/2021,3857.070068,3881.370117,4.870,0.13%,,,
2/24/2021,3873.709961,3925.429932,44.060,1.14%,,,
2/25/2021,3915.800049,3829.340088,-96.090,-2.45%,,,
2/26/2021,3839.659912,3811.149902,-18.190,-0.48%,,,
3/1/2021,3842.51001,3901.820068,90.670,2.38%,,,
3/2/2021,3903.639893,3870.290039,-31.530,-0.81%,,,
3/3/2021,3863.98999,3819.719971,-50.570,-1.31%,,,
3/4/2021,3818.530029,3768.469971,-51.250,-1.34%,,,
3/5/2021,3793.580078,3841.939941,73.470,1.95%,,,
3/8/2021,3844.389893,3821.350098,-20.590,-0.54%,,,
3/9/2021,3851.929932,3875.439941,54.090,1.42%,,,
3/10/2021,3891.98999,3898.810059,23.370,0.60%,,,
3/11/2021,3915.540039,3939.340088,40.530,1.04%,,,
3/12/2021,3924.52002,3943.340088,4.000,0.10%,,,
3/15/2021,3942.959961,3968.939941,25.600,0.65%,,,
3/16/2021,3973.590088,3962.709961,-6.230,-0.16%,,,
3/17/2021,3949.570068,3974.120117,11.410,0.29%,,,
3/18/2021,3953.5,3915.459961,-58.660,-1.48%,,,
3/19/2021,3913.139893,3913.100098,-2.360,-0.06%,,,
3/22/2021,3916.47998,3940.590088,27.490,0.70%,,,
3/23/2021,3937.600098,3910.52002,-30.070,-0.76%,,,
3/24/2021,3919.929932,3889.139893,-21.380,-0.55%,,,
3/25/2021,3879.340088,3909.52002,20.380,0.52%,,,
3/26/2021,3917.120117,3974.540039,65.020,1.66%,,,
3/29/2021,3969.310059,3971.090088,-3.450,-0.09%,,,
3/30/2021,3963.340088,3958.550049,-12.540,-0.32%,,,
3/31/2021,3967.25,3972.889893,14.340,0.36%,,,
4/1/2021,3992.780029,4019.870117,46.980,1.18%,,,
4/5/2021,4034.439941,4077.909912,58.040,1.44%,,,
4/6/2021,4075.570068,4073.939941,-3.970,-0.10%,,,
4/7/2021,4074.290039,4079.949951,6.010,0.15%,,,
4/8/2021,4089.949951,4097.169922,17.220,0.42%,,,
4/9/2021,4096.109863,4128.799805,31.630,0.77%,,,
4/12/2021,4124.709961,4127.990234,-0.810,-0.02%,,,
4/13/2021,4130.100098,4141.589844,13.600,0.33%,,,
4/14/2021,4141.580078,4124.660156,-16.930,-0.41%,,,
4/15/2021,4139.759766,4170.419922,45.760,1.11%,,,
4/16/2021,4174.140137,4185.470215,15.050,0.36%,,,
4/19/2021,4179.799805,4163.259766,-22.210,-0.53%,,,
4/20/2021,4159.180176,4134.939941,-28.320,-0.68%,,,
4/21/2021,4128.419922,4173.419922,38.480,0.93%,,,
4/22/2021,4170.459961,4134.97998,-38.440,-0.92%,,,
4/23/2021,4138.779785,4180.169922,45.190,1.09%,,,
4/26/2021,4185.029785,4187.620117,7.450,0.18%,,,
4/27/2021,4188.25,4186.720215,-0.900,-0.02%,,,
4/28/2021,4185.140137,4183.180176,-3.540,-0.08%,,,
4/29/2021,4206.140137,4211.470215,28.290,0.68%,,,
4/30/2021,4198.100098,4181.169922,-30.300,-0.72%,,,
5/3/2021,4191.97998,4192.660156,11.490,0.27%,,,
5/4/2021,4179.040039,4164.660156,-28.000,-0.67%,,,
5/5/2021,4177.060059,4167.589844,2.930,0.07%,,,
5/6/2021,4169.140137,4201.620117,34.030,0.82%,,,
5/7/2021,4210.339844,4232.600098,30.980,0.74%,,,
5/10/2021,4228.290039,4188.430176,-44.170,-1.04%,,,
5/11/2021,4150.339844,4152.100098,-36.330,-0.87%,,,
5/12/2021,4130.549805,4063.040039,-89.060,-2.14%,,,
5/13/2021,4074.98999,4112.5,49.460,1.22%,,,
5/14/2021,4129.580078,4173.850098,61.350,1.49%,,,
5/17/2021,4169.919922,4163.290039,-10.560,-0.25%,,,
5/18/2021,4165.939941,4127.830078,-35.460,-0.85%,,,
5/19/2021,4098.450195,4115.680176,-12.150,-0.29%,,,
5/20/2021,4121.970215,4159.120117,43.440,1.06%,,,
5/21/2021,4168.609863,4155.859863,-3.260,-0.08%,,,
5/24/2021,4170.160156,4197.049805,41.190,0.99%,,,
5/25/2021,4205.939941,4188.129883,-8.920,-0.21%,,,
5/26/2021,4191.589844,4195.990234,7.860,0.19%,,,
5/27/2021,4201.939941,4200.879883,4.890,0.12%,,,
5/28/2021,4210.77002,4204.109863,3.230,0.08%,,,
6/1/2021,4216.52002,4202.040039,-2.070,-0.05%,,,
6/2/2021,4206.819824,4208.120117,6.080,0.14%,,,
6/3/2021,4191.430176,4192.850098,-15.270,-0.36%,,,
6/4/2021,4206.049805,4229.890137,37.040,0.88%,,,
6/7/2021,4229.339844,4226.52002,-3.370,-0.08%,,,
6/8/2021,4233.810059,4227.259766,0.740,0.02%,,,
6/9/2021,4232.990234,4219.549805,-7.710,-0.18%,,,
6/10/2021,4228.560059,4239.180176,19.630,0.47%,,,
6/11/2021,4242.899902,4247.439941,8.260,0.19%,,,
6/14/2021,4248.310059,4255.149902,7.710,0.18%,,,
6/15/2021,4255.279785,4246.589844,-8.560,-0.20%,,,
6/16/2021,4248.870117,4223.700195,-22.890,-0.54%,,,
6/17/2021,4220.370117,4221.859863,-1.840,-0.04%,,,
6/18/2021,4204.779785,4166.450195,-55.410,-1.31%,,,
6/21/2021,4173.399902,4224.790039,58.340,1.40%,,,
6/22/2021,4224.609863,4246.439941,21.650,0.51%,,,
6/23/2021,4249.27002,4241.839844,-4.600,-0.11%,,,
6/24/2021,4256.970215,4266.490234,24.650,0.58%,,,
6/25/2021,4274.450195,4280.700195,14.210,0.33%,,,
6/28/2021,4284.899902,4290.609863,9.910,0.23%,,,
6/29/2021,4293.209961,4291.799805,1.190,0.03%,,,
6/30/2021,4290.649902,4297.5,5.700,0.13%,,,
7/1/2021,4300.72998,4319.939941,22.440,0.52%,,,
7/2/2021,4326.600098,4352.339844,32.400,0.75%,,,
7/6/2021,4356.459961,4343.540039,-8.800,-0.20%,,,
7/7/2021,4351.009766,4358.129883,14.590,0.34%,,,
7/8/2021,4321.069824,4320.819824,-37.310,-0.86%,,,
7/9/2021,4329.379883,4369.549805,48.730,1.13%,,,
7/12/2021,4372.410156,4384.629883,15.080,0.35%,,,
7/13/2021,4381.069824,4369.209961,-15.420,-0.35%,,,
7/14/2021,4380.109863,4374.299805,5.090,0.12%,,,
7/15/2021,4369.02002,4360.029785,-14.270,-0.33%,,,
7/16/2021,4367.430176,4327.160156,-32.870,-0.75%,,,
7/19/2021,4296.399902,4258.490234,-68.670,-1.59%,,,
7/20/2021,4265.109863,4323.060059,64.570,1.52%,,,
7/21/2021,4331.129883,4358.689941,35.630,0.82%,,,
7/22/2021,4361.27002,4367.47998,8.790,0.20%,,,
7/23/2021,4381.200195,4411.790039,44.310,1.01%,,,
7/26/2021,4409.580078,4422.299805,10.510,0.24%,,,
7/27/2021,4416.379883,4401.459961,-20.840,-0.47%,,,
7/28/2021,4402.950195,4400.640137,-0.820,-0.02%,,,
7/29/2021,4403.589844,4419.149902,18.510,0.42%,,,
7/30/2021,4395.120117,4395.259766,-23.890,-0.54%,,,
8/2/2021,4406.859863,4387.160156,-8.100,-0.18%,,,
8/3/2021,4392.740234,4423.149902,35.990,0.82%,,,
8/4/2021,4415.950195,4402.660156,-20.490,-0.46%,,,
8/5/2021,4408.859863,4429.100098,26.440,0.60%,,,
8/6/2021,4429.069824,4436.52002,7.420,0.17%,,,
8/9/2021,4437.77002,4432.350098,-4.170,-0.09%,,,
8/10/2021,4435.790039,4436.75,4.400,0.10%,,,
8/11/2021,4442.180176,4442.410156,5.660,0.13%,,,
8/12/2021,4446.080078,4460.830078,18.420,0.41%,,,
8/13/2021,4464.839844,4468,7.170,0.16%,,,
8/16/2021,4461.649902,4479.709961,11.710,0.26%,,,
8/17/2021,4462.120117,4448.080078,-31.630,-0.71%,,,
8/18/2021,4440.939941,4400.27002,-47.810,-1.07%,,,
8/19/2021,4382.439941,4405.799805,5.530,0.13%,,,
8/20/2021,4410.560059,4441.669922,35.870,0.81%,,,
8/23/2021,4450.290039,4479.529785,37.860,0.85%,,,
8/24/2021,4484.399902,4486.22998,6.700,0.15%,,,
8/25/2021,4490.450195,4496.189941,9.960,0.22%,,,
8/26/2021,4493.75,4470,-26.190,-0.58%,,,
8/27/2021,4474.100098,4509.370117,39.370,0.88%,,,
8/30/2021,4513.759766,4528.790039,19.420,0.43%,,,
8/31/2021,4529.75,4522.680176,-6.110,-0.13%,,,
9/1/2021,4528.799805,4524.089844,1.410,0.03%,,,
9/2/2021,4534.47998,4536.950195,12.860,0.28%,,,
9/3/2021,4532.419922,4535.430176,-1.520,-0.03%,,,
9/7/2021,4535.379883,4520.029785,-15.400,-0.34%,,,
9/8/2021,4518.089844,4514.069824,-5.960,-0.13%,,,
9/9/2021,4513.02002,4493.279785,-20.790,-0.46%,,,
9/10/2021,4506.919922,4458.580078,-34.700,-0.77%,,,
9/13/2021,4474.810059,4468.72998,10.150,0.23%,,,
9/14/2021,4479.330078,4443.049805,-25.680,-0.57%,,,
9/15/2021,4447.490234,4480.700195,37.650,0.85%,,,
9/16/2021,4477.089844,4473.75,-6.950,-0.16%,,,
9/17/2021,4469.740234,4432.990234,-40.760,-0.91%,,,
9/20/2021,4402.950195,4357.72998,-75.260,-1.70%,,,
9/21/2021,4374.450195,4354.189941,-3.540,-0.08%,,,
9/22/2021,4367.430176,4395.640137,41.450,0.95%,,,
9/23/2021,4406.75,4448.97998,53.340,1.21%,,,
9/24/2021,4438.040039,4455.47998,6.500,0.15%,,,
9/27/2021,4442.120117,4443.109863,-12.370,-0.28%,,,
9/28/2021,4419.540039,4352.629883,-90.480,-2.04%,,,
9/29/2021,4362.410156,4359.459961,6.830,0.16%,,,
9/30/2021,4370.669922,4307.540039,-51.920,-1.19%,,,
10/1/2021,4317.160156,4357.040039,49.500,1.15%,,,
10/4/2021,4348.839844,4300.459961,-56.580,-1.30%,,,
10/5/2021,4309.870117,4345.720215,45.260,1.05%,,,
10/6/2021,4319.569824,4363.549805,17.830,0.41%,,,
10/7/2021,4383.72998,4399.759766,36.210,0.83%,,,
10/8/2021,4406.509766,4391.339844,-8.420,-0.19%,,,
10/11/2021,4385.439941,4361.189941,-30.150,-0.69%,,,
10/12/2021,4368.310059,4350.649902,-10.540,-0.24%,,,
10/13/2021,4358.009766,4363.799805,13.150,0.30%,,,
10/14/2021,4386.75,4438.259766,74.460,1.71%,,,
10/15/2021,4447.689941,4471.370117,33.110,0.75%,,,
10/18/2021,4463.720215,4486.459961,15.090,0.34%,,,
10/19/2021,4497.339844,4519.629883,33.170,0.74%,,,
10/20/2021,4524.419922,4536.189941,16.560,0.37%,,,
10/21/2021,4532.240234,4549.779785,13.590,0.30%,,,
10/22/2021,4546.120117,4544.899902,-4.880,-0.11%,,,
10/25/2021,4553.689941,4566.47998,21.580,0.47%,,,
10/26/2021,4578.689941,4574.790039,8.310,0.18%,,,
10/27/2021,4580.220215,4551.680176,-23.110,-0.51%,,,
10/28/2021,4562.839844,4596.419922,44.740,0.98%,,,
10/29/2021,4572.870117,4605.379883,8.960,0.19%,,,
11/1/2021,4610.620117,4613.669922,8.290,0.18%,,,
11/2/2021,4613.339844,4630.649902,16.980,0.37%,,,
11/3/2021,4630.649902,4660.569824,29.920,0.65%,,,
11/4/2021,4662.930176,4680.060059,19.490,0.42%,,,
11/5/2021,4699.259766,4697.529785,17.470,0.37%,,,
11/8/2021,4701.47998,4701.700195,4.170,0.09%,,,
11/9/2021,4707.25,4685.25,-16.450,-0.35%,,,
11/10/2021,4670.259766,4646.709961,-38.540,-0.82%,,,
11/11/2021,4659.390137,4649.27002,2.560,0.06%,,,
11/12/2021,4655.240234,4682.850098,33.580,0.72%,,,
11/15/2021,4689.299805,4682.799805,-0.050,0.00%,,,
11/16/2021,4679.419922,4700.899902,18.100,0.39%,,,
11/17/2021,4701.5,4688.669922,-12.230,-0.26%,,,
11/18/2021,4700.720215,4704.540039,15.870,0.34%,,,
11/19/2021,4708.439941,4697.959961,-6.580,-0.14%,,,
11/22/2021,4712,4682.939941,-15.020,-0.32%,,,
11/23/2021,4678.47998,4690.700195,7.760,0.17%,,,
11/24/2021,4675.779785,4701.459961,10.760,0.23%,,,
11/26/2021,4664.629883,4594.620117,-106.840,-2.27%,,,
11/29/2021,4628.75,4655.27002,60.650,1.32%,,,
11/30/2021,4640.25,4567,-88.270,-1.90%,,,
12/1/2021,4602.819824,4513.040039,-53.960,-1.18%,,,
12/2/2021,4504.72998,4577.100098,64.060,1.42%,,,
12/3/2021,4589.490234,4538.430176,-38.670,-0.84%,,,
12/6/2021,4548.370117,4591.669922,53.240,1.17%,,,
12/7/2021,4631.970215,4686.75,95.080,2.07%,,,
12/8/2021,4690.859863,4701.209961,14.460,0.31%,,,
12/9/2021,4691,4667.450195,-33.760,-0.72%,,,
12/10/2021,4687.640137,4712.02002,44.570,0.95%,,,
12/13/2021,4710.299805,4668.970215,-43.050,-0.91%,,,
12/14/2021,4642.990234,4634.089844,-34.880,-0.75%,,,
12/15/2021,4636.459961,4709.850098,75.760,1.63%,,,
12/16/2021,4719.129883,4668.669922,-41.180,-0.87%,,,
12/17/2021,4652.5,4620.640137,-48.030,-1.03%,,,
12/20/2021,4587.899902,4568.02002,-52.620,-1.14%,,,
12/21/2021,4594.959961,4649.22998,81.210,1.78%,,,
12/22/2021,4650.359863,4696.560059,47.330,1.02%,,,
12/23/2021,4703.959961,4725.790039,29.230,0.62%,,,
12/27/2021,4733.990234,4791.189941,65.400,1.38%,,,
12/28/2021,4795.490234,4786.350098,-4.840,-0.10%,,,
12/29/2021,4788.640137,4793.060059,6.710,0.14%,,,
12/30/2021,4794.22998,4778.72998,-14.330,-0.30%,,,
12/31/2021,4775.209961,4766.180176,-12.550,-0.26%,,,
1/3/2022,4778.140137,4796.560059,30.380,0.64%,,,
1/4/2022,4804.509766,4793.540039,-3.020,-0.06%,,,
1/5/2022,4787.990234,4700.580078,-92.960,-1.94%,,,
1/6/2022,4693.390137,4696.049805,-4.530,-0.10%,,,
1/7/2022,4697.660156,4677.029785,-19.020,-0.41%,,,
1/10/2022,4655.339844,4670.290039,-6.740,-0.14%,,,
1/11/2022,4669.140137,4713.069824,42.780,0.92%,,,
1/12/2022,4728.589844,4726.350098,13.280,0.28%,,,
1/13/2022,4733.560059,4659.029785,-67.320,-1.42%,,,
1/14/2022,4637.990234,4662.850098,3.820,0.08%,,,
1/18/2022,4632.240234,4577.109863,-85.740,-1.84%,,,
1/19/2022,4588.029785,4532.759766,-44.350,-0.97%,,,
1/20/2022,4547.350098,4482.72998,-50.030,-1.10%,,,
1/21/2022,4471.379883,4397.939941,-84.790,-1.89%,,,
1/24/2022,4356.319824,4410.129883,12.190,0.28%,,,
1/25/2022,4366.640137,4356.450195,-53.680,-1.22%,,,
1/26/2022,4408.430176,4349.930176,-6.520,-0.15%,,,
1/27/2022,4380.580078,4326.509766,-23.420,-0.54%,,,
1/28/2022,4336.189941,4431.850098,105.340,2.43%,,,
1/31/2022,4431.790039,4515.549805,83.700,1.89%,,,
2/1/2022,4519.569824,4546.540039,30.990,0.69%,,,
2/2/2022,4566.390137,4589.379883,42.840,0.94%,,,
2/3/2022,4535.410156,4477.439941,-111.940,-2.44%,,,
2/4/2022,4482.790039,4500.529785,23.090,0.52%,,,
2/7/2022,4505.75,4483.870117,-16.660,-0.37%,,,
2/8/2022,4480.02002,4521.540039,37.670,0.84%,,,
2/9/2022,4547,4587.180176,65.640,1.45%,,,
2/10/2022,4553.240234,4504.080078,-83.100,-1.81%,,,
2/11/2022,4506.27002,4418.640137,-85.440,-1.90%,,,
2/14/2022,4412.609863,4401.669922,-16.970,-0.38%,,,
2/15/2022,4429.279785,4471.069824,69.400,1.58%,,,
2/16/2022,4455.75,4475.009766,3.940,0.09%,,,
2/17/2022,4456.060059,4380.259766,-94.750,-2.12%,,,
2/18/2022,4384.569824,4348.870117,-31.390,-0.72%,,,
2/22/2022,4332.740234,4304.759766,-44.110,-1.01%,,,
2/23/2022,4324.930176,4225.5,-79.260,-1.84%,,,
2/24/2022,4155.77002,4288.700195,63.200,1.50%,,,
2/25/2022,4298.379883,4384.649902,95.950,2.24%,,,
2/28/2022,4354.169922,4373.939941,-10.710,-0.24%,,,
3/1/2022,4363.140137,4306.259766,-67.680,-1.55%,,,
3/2/2022,4322.560059,4386.540039,80.280,1.86%,,,
3/3/2022,4401.310059,4363.490234,-23.050,-0.53%,,,
3/4/2022,4342.120117,4328.870117,-34.620,-0.79%,,,
3/7/2022,4327.009766,4201.089844,-127.780,-2.95%,,,
3/8/2022,4202.660156,4170.700195,-30.390,-0.72%,,,
3/9/2022,4223.100098,4277.879883,107.180,2.57%,,,
3/10/2022,4252.549805,4259.52002,-18.360,-0.43%,,,
3/11/2022,4279.5,4204.310059,-55.210,-1.30%,,,
3/14/2022,4202.75,4173.109863,-31.200,-0.74%,,,
3/15/2022,4188.819824,4262.450195,89.340,2.14%,,,
3/16/2022,4288.140137,4357.859863,95.410,2.24%,,,
3/17/2022,4345.109863,4411.669922,53.810,1.23%,,,
3/18/2022,4407.339844,4463.120117,51.450,1.17%,,,
3/21/2022,4462.399902,4461.180176,-1.940,-0.04%,,,
3/22/2022,4469.100098,4511.609863,50.430,1.13%,,,
3/23/2022,4493.100098,4456.240234,-55.370,-1.23%,,,
3/24/2022,4469.97998,4520.160156,63.920,1.43%,,,
3/25/2022,4522.910156,4543.060059,22.900,0.51%,,,
3/28/2022,4541.089844,4575.52002,32.460,0.71%,,,
3/29/2022,4602.859863,4631.600098,56.080,1.23%,,,
3/30/2022,4624.200195,4602.450195,-29.150,-0.63%,,,
3/31/2022,4599.02002,4530.410156,-72.040,-1.57%,,,
4/1/2022,4540.319824,4545.859863,15.450,0.34%,,,
4/4/2022,4547.970215,4582.640137,36.780,0.81%,,,
4/5/2022,4572.450195,4525.120117,-57.520,-1.26%,,,
4/6/2022,4494.169922,4481.149902,-43.970,-0.97%,,,
4/7/2022,4474.649902,4500.209961,19.060,0.43%,,,
4/8/2022,4494.149902,4488.279785,-11.930,-0.27%,,,
4/11/2022,4462.640137,4412.529785,-75.750,-1.69%,,,
4/12/2022,4437.589844,4397.450195,-15.080,-0.34%,,,
4/13/2022,4394.299805,4446.589844,49.140,1.12%,,,
4/14/2022,4449.120117,4392.589844,-54.000,-1.21%,,,
4/18/2022,4385.629883,4391.689941,-0.900,-0.02%,,,
4/19/2022,4390.629883,4462.209961,70.520,1.61%,,,
4/20/2022,4472.259766,4459.450195,-2.760,-0.06%,,,
4/21/2022,4489.169922,4393.660156,-65.790,-1.48%,,,
4/22/2022,4385.830078,4271.779785,-121.880,-2.77%,,,
4/25/2022,4255.339844,4296.120117,24.340,0.57%,,,
4/26/2022,4278.140137,4175.200195,-120.920,-2.81%,,,
4/27/2022,4186.52002,4183.959961,8.760,0.21%,,,
4/28/2022,4222.580078,4287.5,103.540,2.47%,,,
4/29/2022,4253.75,4131.930176,-155.570,-3.63%,,,
5/2/2022,4130.609863,4155.379883,23.450,0.57%,,,
5/3/2022,4159.779785,4175.47998,20.100,0.48%,,,
5/4/2022,4181.180176,4300.169922,124.690,2.99%,,,
5/5/2022,4270.430176,4146.870117,-153.300,-3.56%,,,
5/6/2022,4128.169922,4123.339844,-23.530,-0.57%,,,
5/9/2022,4081.27002,3991.23999,-132.100,-3.20%,,,
5/10/2022,4035.179932,4001.050049,9.810,0.25%,,,
5/11/2022,3990.080078,3935.179932,-65.870,-1.65%,,,
5/12/2022,3903.949951,3930.080078,-5.100,-0.13%,,,
5/13/2022,3963.899902,4023.889893,93.810,2.39%,,,
5/16/2022,4013.02002,4008.01001,-15.880,-0.39%,,,
5/17/2022,4052,4088.850098,80.840,2.02%,,,
5/18/2022,4051.97998,3923.679932,-165.170,-4.04%,,,
5/19/2022,3899,3900.790039,-22.890,-0.58%,,,
5/20/2022,3927.76001,3901.360107,0.570,0.01%,,,
5/23/2022,3919.419922,3973.75,72.390,1.86%,,,
5/24/2022,3942.939941,3941.47998,-32.270,-0.81%,,,
5/25/2022,3929.590088,3978.72998,37.250,0.95%,,,
5/26/2022,3984.600098,4057.840088,79.110,1.99%,,,
5/27/2022,4077.429932,4158.240234,100.400,2.47%,,,
5/31/2022,4151.089844,4132.149902,-26.090,-0.63%,,,
6/1/2022,4149.779785,4101.22998,-30.920,-0.75%,,,
6/2/2022,4095.409912,4176.819824,75.590,1.84%,,,
6/3/2022,4137.569824,4108.540039,-68.280,-1.63%,,,
6/6/2022,4134.720215,4121.430176,12.890,0.31%,,,
6/7/2022,4096.470215,4160.680176,39.250,0.95%,,,
6/8/2022,4147.120117,4115.77002,-44.910,-1.08%,,,
6/9/2022,4101.649902,4017.820068,-97.950,-2.38%,,,
6/10/2022,3974.389893,3900.860107,-116.960,-2.91%,,,
6/13/2022,3838.149902,3749.629883,-151.230,-3.88%,,,
6/14/2022,3763.52002,3735.47998,-14.150,-0.38%,,,
6/15/2022,3764.050049,3789.98999,54.510,1.46%,,,
6/16/2022,3728.179932,3666.77002,-123.220,-3.25%,,,
6/17/2022,3665.899902,3674.840088,8.070,0.22%,,,
6/21/2022,3715.310059,3764.790039,89.950,2.45%,,,
6/22/2022,3733.889893,3759.889893,-4.900,-0.13%,,,
6/23/2022,3774.709961,3795.72998,35.840,0.95%,,,
6/24/2022,3821.75,3911.73999,116.010,3.06%,,,
6/27/2022,3920.76001,3900.110107,-11.630,-0.30%,,,
6/28/2022,3913,3821.550049,-78.560,-2.01%,,,
6/29/2022,3825.090088,3818.830078,-2.720,-0.07%,,,
6/30/2022,3785.98999,3785.379883,-33.450,-0.88%,,,
7/1/2022,3781,3825.330078,39.950,1.06%,,,
7/5/2022,3792.610107,3831.389893,6.060,0.16%,,,
7/6/2022,3831.97998,3845.080078,13.690,0.36%,,,
7/7/2022,3858.850098,3902.620117,57.540,1.50%,,,
7/8/2022,3888.26001,3899.379883,-3.240,-0.08%,,,
7/11/2022,3880.939941,3854.429932,-44.950,-1.15%,,,
7/12/2022,3851.949951,3818.800049,-35.630,-0.92%,,,
7/13/2022,3779.669922,3801.780029,-17.020,-0.45%,,,
7/14/2022,3763.98999,3790.379883,-11.400,-0.30%,,,
7/15/2022,3818,3863.159912,72.780,1.92%,,,
7/18/2022,3883.790039,3830.850098,-32.310,-0.84%,,,
7/19/2022,3860.72998,3936.689941,105.840,2.76%,,,
7/20/2022,3935.320068,3959.899902,23.210,0.59%,,,
7/21/2022,3955.469971,3998.949951,39.050,0.99%,,,
7/22/2022,3998.429932,3961.629883,-37.320,-0.93%,,,
7/25/2022,3965.719971,3966.840088,5.210,0.13%,,,
7/26/2022,3953.219971,3921.050049,-45.790,-1.15%,,,
7/27/2022,3951.429932,4023.610107,102.560,2.62%,,,
7/28/2022,4026.129883,4072.429932,48.820,1.21%,,,
7/29/2022,4087.330078,4130.290039,57.860,1.42%,,,
8/1/2022,4112.379883,4118.629883,-11.660,-0.28%,,,
8/2/2022,4104.209961,4091.189941,-27.440,-0.67%,,,
8/3/2022,4107.959961,4155.169922,63.980,1.56%,,,
8/4/2022,4154.850098,4151.939941,-3.230,-0.08%,,,
8/5/2022,4115.870117,4145.189941,-6.750,-0.16%,,,
8/8/2022,4155.930176,4140.060059,-5.130,-0.12%,,,
8/9/2022,4133.109863,4122.470215,-17.590,-0.42%,,,
8/10/2022,4181.02002,4210.240234,87.770,2.13%,,,
8/11/2022,4227.399902,4207.27002,-2.970,-0.07%,,,
8/12/2022,4225.02002,4280.149902,72.880,1.73%,,,
8/15/2022,4269.370117,4297.140137,16.990,0.40%,,,
8/16/2022,4290.459961,4305.200195,8.060,0.19%,,,
8/17/2022,4280.399902,4274.040039,-31.160,-0.72%,,,
8/18/2022,4273.129883,4283.740234,9.700,0.23%,,,
8/19/2022,4266.310059,4228.47998,-55.260,-1.29%,,,
8/22/2022,4195.080078,4137.990234,-90.490,-2.14%,,,
8/23/2022,4133.089844,4128.72998,-9.260,-0.22%,,,
8/24/2022,4126.549805,4140.77002,12.040,0.29%,,,
8/25/2022,4153.259766,4199.120117,58.350,1.41%,,,
8/26/2022,4198.740234,4057.659912,-141.460,-3.37%,,,
8/29/2022,4034.580078,4030.610107,-27.050,-0.67%,,,
8/30/2022,4041.25,3986.159912,-44.450,-1.10%,,,
8/31/2022,4000.669922,3955,-31.160,-0.78%,,,
9/1/2022,3936.72998,3966.850098,11.850,0.30%,,,
9/2/2022,3994.659912,3924.26001,-42.590,-1.07%,,,
9/6/2022,3930.889893,3908.189941,-16.070,-0.41%,,,
9/7/2022,3909.429932,3979.870117,71.680,1.83%,,,
9/8/2022,3959.939941,4006.179932,26.310,0.66%,,,
9/9/2022,4022.939941,4067.360107,61.180,1.53%,,,
9/12/2022,4083.669922,4110.410156,43.050,1.06%,,,
9/13/2022,4037.120117,3932.689941,-177.720,-4.32%,,,
9/14/2022,3940.72998,3946.01001,13.320,0.34%,,,
9/15/2022,3932.409912,3901.350098,-44.660,-1.13%,,,
9/16/2022,3880.949951,3873.330078,-28.020,-0.72%,,,
9/19/2022,3849.909912,3899.889893,26.560,0.69%,,,
9/20/2022,3875.22998,3855.929932,-43.960,-1.13%,,,
9/21/2022,3871.399902,3789.929932,-66.000,-1.71%,,,
9/22/2022,3782.360107,3757.98999,-31.940,-0.84%,,,
9/23/2022,3727.139893,3693.22998,-64.760,-1.72%,,,
9/26/2022,3682.719971,3655.040039,-38.190,-1.03%,,,
9/27/2022,3686.439941,3647.290039,-7.750,-0.21%,,,
9/28/2022,3651.939941,3719.040039,71.750,1.97%,,,
9/29/2022,3687.01001,3640.469971,-78.570,-2.11%,,,
9/30/2022,3633.47998,3585.620117,-54.850,-1.51%,,,
10/3/2022,3609.780029,3678.429932,92.810,2.59%,,,
10/4/2022,3726.459961,3790.929932,112.500,3.06%,,,
10/5/2022,3753.25,3783.280029,-7.650,-0.20%,,,
10/6/2022,3771.969971,3744.52002,-38.760,-1.02%,,,
10/7/2022,3706.73999,3639.659912,-104.860,-2.80%,,,
10/10/2022,3647.51001,3612.389893,-27.270,-0.75%,,,
10/11/2022,3595.860107,3588.840088,-23.550,-0.65%,,,
10/12/2022,3590.830078,3577.030029,-11.810,-0.33%,,,
10/13/2022,3520.370117,3669.909912,92.880,2.60%,,,
10/14/2022,3690.409912,3583.070068,-86.840,-2.37%,,,
10/17/2022,3638.649902,3677.949951,94.880,2.65%,,,
10/18/2022,3746.26001,3719.97998,42.030,1.14%,,,
10/19/2022,3703.110107,3695.159912,-24.820,-0.67%,,,
10/20/2022,3689.050049,3665.780029,-29.380,-0.80%,,,
10/21/2022,3657.100098,3752.75,86.970,2.37%,,,
10/24/2022,3762.01001,3797.340088,44.590,1.19%,,,
10/25/2022,3799.439941,3859.110107,61.770,1.63%,,,
10/26/2022,3825.969971,3830.600098,-28.510,-0.74%,,,
10/27/2022,3834.689941,3807.300049,-23.300,-0.61%,,,
10/28/2022,3808.26001,3901.060059,93.760,2.46%,,,
10/31/2022,3881.850098,3871.97998,-29.080,-0.75%,,,
11/1/2022,3901.790039,3856.100098,-15.880,-0.41%,,,
11/2/2022,3852.899902,3759.689941,-96.410,-2.50%,,,
11/3/2022,3733.25,3719.889893,-39.800,-1.06%,,,
11/4/2022,3766.97998,3770.550049,50.660,1.36%,,,
11/7/2022,3780.709961,3806.800049,36.250,0.96%,,,
11/8/2022,3817.02002,3828.110107,21.310,0.56%,,,
11/9/2022,3810.939941,3748.570068,-79.540,-2.08%,,,
11/10/2022,3859.889893,3956.370117,207.800,5.54%,,,
11/11/2022,3963.719971,3992.929932,36.560,0.92%,,,
11/14/2022,3977.969971,3957.25,-35.680,-0.89%,,,
11/15/2022,4006.409912,3991.72998,34.480,0.87%,,,
11/16/2022,3976.820068,3958.790039,-32.940,-0.83%,,,
11/17/2022,3919.26001,3946.560059,-12.230,-0.31%,,,
11/18/2022,3966.389893,3965.340088,18.780,0.48%,,,
11/21/2022,3956.22998,3949.939941,-15.400,-0.39%,,,
11/22/2022,3965.51001,4003.580078,53.640,1.36%,,,
11/23/2022,4000.300049,4027.26001,23.680,0.59%,,,
11/25/2022,4023.340088,4026.120117,-1.140,-0.03%,,,
11/28/2022,4005.360107,3963.939941,-62.180,-1.54%,,,
11/29/2022,3964.189941,3957.629883,-6.310,-0.16%,,,
11/30/2022,3957.179932,4080.110107,122.480,3.09%,,,
12/1/2022,4087.139893,4076.570068,-3.540,-0.09%,,,
12/2/2022,4040.169922,4071.699951,-4.870,-0.12%,,,
12/5/2022,4052.02002,3998.840088,-72.860,-1.79%,,,
12/6/2022,3996.629883,3941.26001,-57.580,-1.44%,,,
12/7/2022,3933.280029,3933.919922,-7.340,-0.19%,,,
12/8/2022,3947.790039,3963.51001,29.590,0.75%,,,
12/9/2022,3954.169922,3934.379883,-29.130,-0.73%,,,
12/12/2022,3939.290039,3990.560059,56.180,1.43%,,,
12/13/2022,4069.379883,4019.649902,29.090,0.73%,,,
12/14/2022,4015.540039,3995.320068,-24.330,-0.61%,,,
12/15/2022,3958.370117,3895.75,-99.570,-2.49%,,,
12/16/2022,3890.909912,3852.360107,-43.390,-1.11%,,,
12/19/2022,3853.790039,3817.659912,-34.700,-0.90%,,,
12/20/2022,3810.469971,3821.620117,3.960,0.10%,,,
12/21/2022,3839.48999,3878.439941,56.820,1.49%,,,
12/22/2022,3853.26001,3822.389893,-56.050,-1.45%,,,
12/23/2022,3815.110107,3844.820068,22.430,0.59%,,,
12/27/2022,3843.340088,3829.25,-15.570,-0.40%,,,
12/28/2022,3829.560059,3783.219971,-46.030,-1.20%,,,
12/29/2022,3805.449951,3849.280029,66.060,1.75%,,,
12/30/2022,3829.060059,3839.5,-9.780,-0.25%,,,
1/3/2023,3853.290039,3824.139893,-15.360,-0.40%,,,
1/4/2023,3840.360107,3852.969971,28.830,0.75%,,,
1/5/2023,3839.73999,3808.100098,-44.870,-1.16%,,,
1/6/2023,3823.370117,3895.080078,86.980,2.28%,,,
1/9/2023,3910.820068,3892.090088,-2.990,-0.08%,,,
1/10/2023,3888.570068,3919.25,27.160,0.70%,,,
1/11/2023,3932.350098,3969.610107,50.360,1.28%,,,
1/12/2023,3977.570068,3983.169922,13.560,0.34%,,,
1/13/2023,3960.600098,3999.090088,15.920,0.40%,,,
1/17/2023,3999.280029,3990.969971,-8.120,-0.20%,,,
1/18/2023,4002.25,3928.860107,-62.110,-1.56%,,,
1/19/2023,3911.840088,3898.850098,-30.010,-0.76%,,,
1/20/2023,3909.040039,3972.610107,73.760,1.89%,,,
1/23/2023,3978.139893,4019.810059,47.200,1.19%,,,
1/24/2023,4001.73999,4016.949951,-2.860,-0.07%,,,
1/25/2023,3982.709961,4016.219971,-0.730,-0.02%,,,
1/26/2023,4036.080078,4060.429932,44.210,1.10%,,,
1/27/2023,4053.719971,4070.560059,10.130,0.25%,,,
1/30/2023,4049.27002,4017.77002,-52.790,-1.30%,,,
1/31/2023,4020.850098,4076.600098,58.830,1.46%,,,
2/1/2023,4070.070068,4119.209961,42.610,1.05%,,,
2/2/2023,4158.680176,4179.759766,60.550,1.47%,,,
2/3/2023,4136.689941,4136.47998,-43.280,-1.04%,,,
2/6/2023,4119.569824,4111.080078,-25.400,-0.61%,,,
2/7/2023,4105.350098,4164,52.920,1.29%,,,
2/8/2023,4153.470215,4117.859863,-46.140,-1.11%,,,
2/9/2023,4144.25,4081.5,-36.360,-0.88%,,,
2/10/2023,4068.919922,4090.459961,8.960,0.22%,,,
2/13/2023,4096.620117,4137.290039,46.830,1.14%,,,
2/14/2023,4126.700195,4136.129883,-1.160,-0.03%,,,
2/15/2023,4119.5,4147.600098,11.470,0.28%,,,
2/16/2023,4114.75,4090.409912,-57.190,-1.38%,,,
2/17/2023,4077.389893,4079.090088,-11.320,-0.28%,,,
2/21/2023,4052.350098,3997.340088,-81.750,-2.00%,,,
2/22/2023,4001.830078,3991.050049,-6.290,-0.16%,,,
2/23/2023,4018.600098,4012.320068,21.270,0.53%,,,
2/24/2023,3973.23999,3970.040039,-42.280,-1.05%,,,
2/27/2023,3992.360107,3982.23999,12.200,0.31%,,,
2/28/2023,3977.189941,3970.149902,-12.090,-0.30%,,,
3/1/2023,3963.340088,3951.389893,-18.760,-0.47%,,,
3/2/2023,3938.679932,3981.350098,29.960,0.76%,,,
3/3/2023,3998.02002,4045.639893,64.290,1.61%,,,
3/6/2023,4055.149902,4048.419922,2.780,0.07%,,,
3/7/2023,4048.26001,3986.370117,-62.050,-1.53%,,,
3/8/2023,3987.550049,3992.01001,5.640,0.14%,,,
3/9/2023,3998.659912,3918.320068,-73.690,-1.85%,,,
3/10/2023,3912.77002,3861.590088,-56.730,-1.45%,,,
3/13/2023,3835.120117,3855.76001,-5.830,-0.15%,,,
3/14/2023,3894.01001,3919.290039,63.530,1.65%,,,
3/15/2023,3876.73999,3891.929932,-27.360,-0.70%,,,
3/16/2023,3878.929932,3960.280029,68.350,1.76%,,,
3/17/2023,3958.689941,3916.639893,-43.640,-1.10%,,,
3/20/2023,3917.469971,3951.570068,34.930,0.89%,,,
3/21/2023,3975.889893,4002.870117,51.300,1.30%,,,
3/22/2023,4002.040039,3936.969971,-65.900,-1.65%,,,
3/23/2023,3959.209961,3948.719971,11.750,0.30%,,,
3/24/2023,3939.209961,3970.98999,22.270,0.56%,,,
3/27/2023,3982.929932,3977.530029,6.540,0.16%,,,
3/28/2023,3974.129883,3971.27002,-6.260,-0.16%,,,
3/29/2023,3999.530029,4027.810059,56.540,1.42%,,,
3/30/2023,4046.73999,4050.830078,23.020,0.57%,,,
3/31/2023,4056.179932,4109.310059,58.480,1.44%,,,
4/3/2023,4102.200195,4124.509766,15.200,0.37%,,,
4/4/2023,4128.029785,4100.600098,-23.910,-0.58%,,,
4/5/2023,4094.5,4090.379883,-10.220,-0.25%,,,
4/6/2023,4081.149902,4105.02002,14.640,0.36%,,,
4/10/2023,4085.199951,4109.109863,4.090,0.10%,,,
4/11/2023,4110.290039,4108.939941,-0.170,0.00%,,,
4/12/2023,4121.720215,4091.949951,-16.990,-0.41%,,,
4/13/2023,4100.040039,4146.220215,54.270,1.33%,,,
4/14/2023,4140.109863,4137.640137,-8.580,-0.21%,,,
4/17/2023,4137.169922,4151.319824,13.680,0.33%,,,
4/18/2023,4164.259766,4154.870117,3.550,0.09%,,,
4/19/2023,4139.330078,4154.52002,-0.350,-0.01%,,,
4/20/2023,4130.47998,4129.790039,-24.730,-0.60%,,,
4/21/2023,4132.140137,4133.52002,3.730,0.09%,,,
4/24/2023,4132.069824,4137.040039,3.520,0.09%,,,
4/25/2023,4126.430176,4071.629883,-65.410,-1.58%,,,
4/26/2023,4087.780029,4055.98999,-15.640,-0.38%,,,
4/27/2023,4075.290039,4135.350098,79.360,1.96%,,,
4/28/2023,4129.629883,4169.47998,34.130,0.83%,,,
5/1/2023,4166.790039,4167.870117,-1.610,-0.04%,,,
5/2/2023,4164.100098,4119.580078,-48.290,-1.16%,,,
5/3/2023,4122.25,4090.75,-28.830,-0.70%,,,
5/4/2023,4082.550049,4061.219971,-29.530,-0.72%,,,
5/5/2023,4084.72998,4136.25,75.030,1.85%,,,
5/8/2023,4136.97998,4138.120117,1.870,0.05%,,,
5/9/2023,4124.25,4119.169922,-18.950,-0.46%,,,
5/10/2023,4143.740234,4137.640137,18.470,0.45%,,,
5/11/2023,4132.240234,4130.620117,-7.020,-0.17%,,,
5/12/2023,4138.540039,4124.080078,-6.540,-0.16%,,,
5/15/2023,4126.649902,4136.279785,12.200,0.30%,,,
5/16/2023,4127.950195,4109.899902,-26.380,-0.64%,,,
5/17/2023,4122.850098,4158.77002,48.870,1.19%,,,
5/18/2023,4157.680176,4198.049805,39.280,0.94%,,,
5/19/2023,4204.149902,4191.97998,-6.070,-0.14%,,,
5/22/2023,4190.779785,4192.629883,0.650,0.02%,,,
5/23/2023,4176.799805,4145.580078,-47.050,-1.12%,,,
5/24/2023,4132.959961,4115.240234,-30.340,-0.73%,,,
5/25/2023,4155.709961,4151.279785,36.040,0.88%,,,
5/26/2023,4156.160156,4205.450195,54.170,1.30%,,,
5/30/2023,4226.709961,4205.52002,0.070,0.00%,,,
5/31/2023,4190.740234,4179.830078,-25.690,-0.61%,,,
6/1/2023,4183.029785,4221.02002,41.190,0.99%,,,
6/2/2023,4241.009766,4282.370117,61.350,1.45%,,,
6/5/2023,4282.990234,4273.790039,-8.580,-0.20%,,,
6/6/2023,4271.339844,4283.850098,10.060,0.24%,,,
6/7/2023,4285.470215,4267.52002,-16.330,-0.38%,,,
6/8/2023,4268.689941,4293.930176,26.410,0.62%,,,
6/9/2023,4304.879883,4298.859863,4.930,0.11%,,,
6/12/2023,4308.319824,4338.930176,40.070,0.93%,,,
6/13/2023,4352.609863,4369.009766,30.080,0.69%,,,
6/14/2023,4366.290039,4372.589844,3.580,0.08%,,,
6/15/2023,4365.330078,4425.839844,53.250,1.22%,,,
6/16/2023,4440.950195,4409.589844,-16.250,-0.37%,,,
6/20/2023,4396.109863,4388.709961,-20.880,-0.47%,,,
6/21/2023,4380.009766,4365.689941,-23.020,-0.52%,,,
6/22/2023,4355.399902,4381.890137,16.200,0.37%,,,
6/23/2023,4354.169922,4348.330078,-33.560,-0.77%,,,
6/26/2023,4344.839844,4328.819824,-19.510,-0.45%,,,
6/27/2023,4337.359863,4378.410156,49.590,1.15%,,,
6/28/2023,4367.47998,4376.859863,-1.550,-0.04%,,,
6/29/2023,4374.939941,4396.439941,19.580,0.45%,,,
6/30/2023,4422.439941,4450.379883,53.940,1.23%,,,
7/3/2023,4450.47998,4455.589844,5.210,0.12%,,,
7/5/2023,4442.040039,4446.819824,-8.770,-0.20%,,,
7/6/2023,4422.620117,4411.589844,-35.230,-0.79%,,,
7/7/2023,4404.540039,4398.950195,-12.640,-0.29%,,,
7/10/2023,4394.22998,4409.529785,10.580,0.24%,,,
7/11/2023,4415.549805,4439.259766,29.730,0.67%,,,
7/12/2023,4467.689941,4472.160156,32.900,0.74%,,,
7/13/2023,4491.5,4510.040039,37.880,0.85%,,,
7/14/2023,4514.609863,4505.419922,-4.620,-0.10%,,,
7/17/2023,4508.859863,4522.790039,17.370,0.39%,,,
7/18/2023,4521.779785,4554.97998,32.190,0.71%,,,
7/19/2023,4563.870117,4565.720215,10.740,0.24%,,,
7/20/2023,4554.379883,4534.870117,-30.850,-0.68%,,,
7/21/2023,4550.160156,4536.339844,1.470,0.03%,,,
7/24/2023,4543.390137,4554.640137,18.300,0.40%,,,
7/25/2023,4555.189941,4567.459961,12.820,0.28%,,,
7/26/2023,4558.959961,4566.75,-0.710,-0.02%,,,
7/27/2023,4598.259766,4537.410156,-29.340,-0.64%,,,
7/28/2023,4565.75,4582.22998,44.820,0.99%,,,
7/31/2023,4584.819824,4588.959961,6.730,0.15%,,,
8/1/2023,4578.830078,4576.72998,-12.230,-0.27%,,,
8/2/2023,4550.930176,4513.390137,-63.340,-1.38%,,,
8/3/2023,4494.27002,4501.890137,-11.500,-0.25%,,,
8/4/2023,4513.959961,4478.029785,-23.860,-0.53%,,,
8/7/2023,4491.580078,4518.439941,40.410,0.90%,,,
8/8/2023,4498.029785,4499.379883,-19.060,-0.42%,,,
8/9/2023,4501.569824,4467.709961,-31.670,-0.70%,,,
8/10/2023,4487.160156,4468.830078,1.120,0.03%,,,
8/11/2023,4450.689941,4464.049805,-4.780,-0.11%,,,
8/14/2023,4458.129883,4489.720215,25.670,0.58%,,,
8/15/2023,4478.870117,4437.859863,-51.860,-1.16%,,,
8/16/2023,4433.790039,4404.330078,-33.530,-0.76%,,,
8/17/2023,4416.319824,4370.359863,-33.970,-0.77%,,,
8/18/2023,4344.879883,4369.709961,-0.650,-0.01%,,,
8/21/2023,4380.279785,4399.77002,30.060,0.69%,,,
8/22/2023,4415.330078,4387.549805,-12.220,-0.28%,,,
8/23/2023,4396.439941,4436.009766,48.460,1.10%,,,
8/24/2023,4455.160156,4376.310059,-59.700,-1.35%,,,
8/25/2023,4389.379883,4405.709961,29.400,0.67%,,,
8/28/2023,4426.029785,4433.310059,27.600,0.63%,,,
8/29/2023,4432.75,4497.629883,64.320,1.45%,,,
8/30/2023,4500.339844,4514.870117,17.240,0.38%,,,
8/31/2023,4517.009766,4507.660156,-7.210,-0.16%,,,
9/1/2023,4530.600098,4515.77002,8.110,0.18%,,,
9/5/2023,4510.060059,4496.830078,-18.940,-0.42%,,,
9/6/2023,4490.350098,4465.47998,-31.350,-0.70%,,,
9/7/2023,4434.549805,4451.140137,-14.340,-0.32%,,,
9/8/2023,4451.299805,4457.490234,6.350,0.14%,,,
9/11/2023,4480.97998,4487.459961,29.970,0.67%,,,
9/12/2023,4473.27002,4461.899902,-25.560,-0.57%,,,
9/13/2023,4462.649902,4467.439941,5.540,0.12%,,,
9/14/2023,4487.779785,4505.100098,37.660,0.84%,,,
9/15/2023,4497.97998,4450.319824,-54.780,-1.22%,,,
9/18/2023,4445.129883,4453.529785,3.210,0.07%,,,
9/19/2023,4445.410156,4443.950195,-9.580,-0.22%,,,
9/20/2023,4452.810059,4402.200195,-41.750,-0.94%,,,
9/21/2023,4374.359863,4330,-72.200,-1.64%,,,
9/22/2023,4341.740234,4320.060059,-9.940,-0.23%,,,
9/25/2023,4310.620117,4337.439941,17.380,0.40%,,,
9/26/2023,4312.879883,4273.529785,-63.910,-1.47%,,,
9/27/2023,4282.629883,4274.509766,0.980,0.02%,,,
9/28/2023,4269.649902,4299.700195,25.190,0.59%,,,
9/29/2023,4328.180176,4288.049805,-11.650,-0.27%,,,
10/2/2023,4284.52002,4288.390137,0.340,0.01%,,,
10/3/2023,4269.75,4229.450195,-58.940,-1.37%,,,
10/4/2023,4233.830078,4263.75,34.300,0.81%,,,
10/5/2023,4259.310059,4258.189941,-5.560,-0.13%,,,
10/6/2023,4234.790039,4308.5,50.310,1.18%,,,
10/9/2023,4289.02002,4335.660156,27.160,0.63%,,,
10/10/2023,4339.75,4358.240234,22.580,0.52%,,,
10/11/2023,4366.589844,4376.950195,18.710,0.43%,,,
10/12/2023,4380.939941,4349.609863,-27.340,-0.62%,,,
10/13/2023,4360.490234,4327.779785,-21.830,-0.50%,,,
10/16/2023,4342.370117,4373.629883,45.850,1.06%,,,
10/17/2023,4345.22998,4373.200195,-0.430,-0.01%,,,
10/18/2023,4357.350098,4314.600098,-58.600,-1.34%,,,
10/19/2023,4321.359863,4278,-36.600,-0.85%,,,
10/20/2023,4273.850098,4224.160156,-53.840,-1.26%,,,
10/23/2023,4210.399902,4217.040039,-7.120,-0.17%,,,
10/24/2023,4235.790039,4247.680176,30.640,0.73%,,,
10/25/2023,4232.419922,4186.77002,-60.910,-1.43%,,,
10/26/2023,4175.990234,4137.22998,-49.540,-1.18%,,,
10/27/2023,4152.930176,4117.370117,-19.860,-0.48%,,,
10/30/2023,4139.390137,4166.819824,49.450,1.20%,,,
10/31/2023,4171.330078,4193.799805,26.980,0.65%,,,
11/1/2023,4201.27002,4237.859863,44.060,1.05%,,,
11/2/2023,4268.259766,4317.779785,79.920,1.89%,,,
11/3/2023,4334.22998,4358.339844,40.560,0.94%,,,
11/6/2023,4364.27002,4365.97998,7.640,0.18%,,,
11/7/2023,4366.209961,4378.379883,12.400,0.28%,,,
11/8/2023,4384.370117,4382.779785,4.400,0.10%,,,
11/9/2023,4391.410156,4347.350098,-35.430,-0.81%,,,
11/10/2023,4364.149902,4415.240234,67.890,1.56%,,,
11/13/2023,4406.660156,4411.549805,-3.690,-0.08%,,,
11/14/2023,4458.970215,4495.700195,84.150,1.91%,,,
11/15/2023,4505.299805,4502.879883,7.180,0.16%,,,
11/16/2023,4497.080078,4508.240234,5.360,0.12%,,,
11/17/2023,4509.549805,4514.02002,5.780,0.13%,,,
11/20/2023,4511.700195,4547.379883,33.360,0.74%,,,
11/21/2023,4538.77002,4538.189941,-9.190,-0.20%,,,
11/22/2023,4553.040039,4556.620117,18.430,0.41%,,,
11/24/2023,4555.839844,4559.339844,2.720,0.06%,,,
11/27/2023,4554.859863,4550.430176,-8.910,-0.20%,,,
11/28/2023,4545.549805,4554.890137,4.460,0.10%,,,
11/29/2023,4571.839844,4550.580078,-4.310,-0.09%,,,
11/30/2023,4554.870117,4567.799805,17.220,0.38%,,,
12/1/2023,4559.430176,4594.629883,26.830,0.59%,,,
12/4/2023,4564.370117,4569.779785,-24.850,-0.54%,,,
12/5/2023,4557.25,4567.180176,-2.600,-0.06%,,,
12/6/2023,4586.22998,4549.339844,-17.840,-0.39%,,,
12/7/2023,4568.839844,4585.589844,36.250,0.80%,,,
12/8/2023,4576.200195,4604.370117,18.780,0.41%,,,
12/11/2023,4593.390137,4622.439941,18.070,0.39%,,,
12/12/2023,4618.299805,4643.700195,21.260,0.46%,,,
12/13/2023,4646.200195,4707.089844,63.390,1.37%,,,
12/14/2023,4721.040039,4719.549805,12.460,0.26%,,,
12/15/2023,4714.22998,4719.189941,-0.360,-0.01%,,,
12/18/2023,4725.580078,4740.560059,21.370,0.45%,,,
12/19/2023,4743.720215,4768.370117,27.810,0.59%,,,
12/20/2023,4764.72998,4698.350098,-70.020,-1.47%,,,
12/21/2023,4724.290039,4746.75,48.400,1.03%,,,
12/22/2023,4753.919922,4754.629883,7.880,0.17%,,,
12/26/2023,4758.859863,4774.75,20.120,0.42%,,,
12/27/2023,4773.450195,4781.580078,6.830,0.14%,,,
12/28/2023,4786.439941,4783.350098,1.770,0.04%,,,
12/29/2023,4782.879883,4769.830078,-13.520,-0.28%,,,
1/2/2024,4745.200195,4742.830078,-27.000,-0.57%,,,
1/3/2024,4725.069824,4704.810059,-38.020,-0.80%,,,
1/4/2024,4697.419922,4688.680176,-16.130,-0.34%,,,
1/5/2024,4690.569824,4697.240234,8.560,0.18%,,,
1/8/2024,4703.700195,4763.540039,66.300,1.41%,,,
1/9/2024,4741.930176,4756.5,-7.040,-0.15%,,,
1/10/2024,4759.939941,4783.450195,26.950,0.57%,,,
1/11/2024,4792.129883,4780.240234,-3.210,-0.07%,,,
1/12/2024,4791.180176,4783.830078,3.590,0.08%,,,
1/16/2024,4772.350098,4765.97998,-17.850,-0.37%,,,
1/17/2024,4739.129883,4739.209961,-26.770,-0.56%,,,
1/18/2024,4760.100098,4780.939941,41.730,0.88%,,,
1/19/2024,4796.279785,4839.810059,58.870,1.23%,,,
1/22/2024,4853.419922,4850.430176,10.620,0.22%,,,
1/23/2024,4856.799805,4864.600098,14.170,0.29%,,,
1/24/2024,4888.560059,4868.549805,3.950,0.08%,,,
1/25/2024,4886.660156,4894.160156,25.610,0.53%,,,
1/26/2024,4888.910156,4890.970215,-3.190,-0.07%,,,
1/29/2024,4892.950195,4927.930176,36.960,0.76%,,,
1/30/2024,4925.890137,4924.970215,-2.960,-0.06%,,,
1/31/2024,4899.189941,4845.649902,-79.320,-1.61%,,,
2/1/2024,4861.109863,4906.189941,60.540,1.25%,,,
2/2/2024,4916.060059,4958.609863,52.420,1.07%,,,
2/5/2024,4957.189941,4942.810059,-15.800,-0.32%,,,
2/6/2024,4950.160156,4954.22998,11.420,0.23%,,,
2/7/2024,4973.049805,4995.060059,40.830,0.82%,,,
2/8/2024,4995.160156,4997.910156,2.850,0.06%,,,
2/9/2024,5004.169922,5026.609863,28.700,0.57%,,,
2/12/2024,5026.830078,5021.839844,-4.770,-0.09%,,,
2/13/2024,4967.939941,4953.169922,-68.670,-1.37%,,,
2/14/2024,4976.439941,5000.620117,47.450,0.96%,,,
2/15/2024,5003.140137,5029.72998,29.110,0.58%,,,
2/16/2024,5031.129883,5005.569824,-24.160,-0.48%,,,
2/20/2024,4989.319824,4975.509766,-30.060,-0.60%,,,
2/21/2024,4963.029785,4981.799805,6.290,0.13%,,,
2/22/2024,5038.830078,5087.029785,105.230,2.11%,,,
2/23/2024,5100.919922,5088.799805,1.770,0.03%,,,
2/26/2024,5093,5069.529785,-19.270,-0.38%,,,
2/27/2024,5074.600098,5078.180176,8.650,0.17%,,,
2/28/2024,5067.200195,5069.759766,-8.420,-0.17%,,,
2/29/2024,5085.359863,5096.27002,26.510,0.52%,,,
3/1/2024,5098.509766,5137.080078,40.810,0.80%,,,
3/4/2024,5130.990234,5130.950195,-6.130,-0.12%,,,
3/5/2024,5110.52002,5078.649902,-52.300,-1.02%,,,
3/6/2024,5108.029785,5104.759766,26.110,0.51%,,,
3/7/2024,5132.379883,5157.359863,52.600,1.03%,,,
3/8/2024,5164.459961,5123.689941,-33.670,-0.65%,,,
3/11/2024,5111.959961,5117.939941,-5.750,-0.11%,,,
3/12/2024,5134.299805,5175.27002,57.330,1.12%,,,
3/13/2024,5173.490234,5165.310059,-9.960,-0.19%,,,
3/14/2024,5175.140137,5150.47998,-14.830,-0.29%,,,
3/15/2024,5123.310059,5117.089844,-33.390,-0.65%,,,
3/18/2024,5154.77002,5149.419922,32.330,0.63%,,,
3/19/2024,5139.089844,5178.509766,29.090,0.56%,,,
3/20/2024,5181.689941,5224.620117,46.110,0.89%,,,
3/21/2024,5253.430176,5241.529785,16.910,0.32%,,,
3/22/2024,5242.47998,5234.180176,-7.350,-0.14%,,,
3/25/2024,5219.52002,5218.189941,-15.990,-0.31%,,,
3/26/2024,5228.850098,5203.580078,-14.610,-0.28%,,,
3/27/2024,5226.310059,5248.490234,44.910,0.86%,,,
3/28/2024,5248.029785,5254.350098,5.860,0.11%,,,
4/1/2024,5257.970215,5243.77002,-10.580,-0.20%,,,
4/2/2024,5204.290039,5205.810059,-37.960,-0.72%,,,
4/3/2024,5194.370117,5211.490234,5.680,0.11%,,,
4/4/2024,5244.049805,5147.209961,-64.280,-1.23%,,,
4/5/2024,5158.950195,5204.339844,57.130,1.11%,,,
4/8/2024,5211.370117,5202.390137,-1.950,-0.04%,,,
4/9/2024,5217.029785,5209.910156,7.520,0.14%,,,
4/10/2024,5167.879883,5160.640137,-49.270,-0.95%,,,
4/11/2024,5172.950195,5199.060059,38.420,0.74%,,,
4/12/2024,5171.509766,5123.410156,-75.650,-1.46%,,,
4/15/2024,5149.669922,5061.819824,-61.590,-1.20%,,,
4/16/2024,5064.589844,5051.410156,-10.410,-0.21%,,,
4/17/2024,5068.970215,5022.209961,-29.200,-0.58%,,,
4/18/2024,5031.52002,5011.120117,-11.090,-0.22%,,,
4/19/2024,5005.439941,4967.22998,-43.890,-0.88%,,,
4/22/2024,4987.330078,5010.600098,43.370,0.87%,,,
4/23/2024,5028.850098,5070.549805,59.950,1.20%,,,
4/24/2024,5084.859863,5071.629883,1.080,0.02%,,,
4/25/2024,5019.879883,5048.419922,-23.210,-0.46%,,,
4/26/2024,5084.649902,5099.959961,51.540,1.02%,,,
4/29/2024,5114.129883,5116.169922,16.210,0.32%,,,
4/30/2024,5103.779785,5035.689941,-80.480,-1.57%,,,
5/1/2024,5029.029785,5018.390137,-17.300,-0.34%,,,
5/2/2024,5049.319824,5064.200195,45.810,0.91%,,,
5/3/2024,5122.779785,5127.790039,63.590,1.26%,,,
5/6/2024,5142.419922,5180.740234,52.950,1.03%,,,
5/7/2024,5187.200195,5187.700195,6.960,0.13%,,,
5/8/2024,5168.97998,5187.669922,-0.030,0.00%,,,
5/9/2024,5189.029785,5214.080078,26.410,0.51%,,,
5/10/2024,5225.490234,5222.680176,8.600,0.16%,,,
5/13/2024,5233.080078,5221.419922,-1.260,-0.02%,,,
5/14/2024,5221.100098,5246.680176,25.260,0.48%,,,
5/15/2024,5263.259766,5308.149902,61.470,1.17%,,,
5/16/2024,5310.069824,5297.100098,-11.050,-0.21%,,,
5/17/2024,5303.100098,5303.27002,6.170,0.12%,,,
5/20/2024,5305.350098,5308.129883,4.860,0.09%,,,
5/21/2024,5298.689941,5321.410156,13.280,0.25%,,,
5/22/2024,5319.279785,5307.009766,-14.400,-0.27%,,,
5/23/2024,5340.259766,5267.839844,-39.170,-0.74%,,,
5/24/2024,5281.450195,5304.720215,36.880,0.70%,,,
5/28/2024,5315.910156,5306.040039,1.320,0.02%,,,
5/29/2024,5278.72998,5266.950195,-39.090,-0.74%,,,
5/30/2024,5259.77002,5235.47998,-31.470,-0.60%,,,
5/31/2024,5243.209961,5277.509766,42.030,0.80%,,,
6/3/2024,5297.149902,5283.399902,5.890,0.11%,,,
6/4/2024,5278.240234,5291.339844,7.940,0.15%,,,
6/5/2024,5314.47998,5354.029785,62.690,1.18%,,,
6/6/2024,5357.799805,5352.959961,-1.070,-0.02%,,,
6/7/2024,5343.810059,5346.990234,-5.970,-0.11%,,,
6/10/2024,5341.220215,5360.790039,13.800,0.26%,,,
6/11/2024,5353,5375.319824,14.530,0.27%,,,
6/12/2024,5409.129883,5421.029785,45.710,0.85%,,,
6/13/2024,5441.930176,5433.740234,12.710,0.23%,,,
6/14/2024,5424.080078,5431.600098,-2.140,-0.04%,,,
6/17/2024,5431.109863,5473.22998,41.630,0.77%,,,
6/18/2024,5476.149902,5487.029785,13.800,0.25%,,,
6/20/2024,5499.990234,5473.169922,-13.860,-0.25%,,,
6/21/2024,5466.77002,5464.620117,-8.550,-0.16%,,,
6/24/2024,5459.580078,5447.870117,-16.750,-0.31%,,,
6/25/2024,5460.72998,5469.299805,21.430,0.39%,,,
6/26/2024,5460.709961,5477.899902,8.600,0.16%,,,
6/27/2024,5473.589844,5482.870117,4.970,0.09%,,,
6/28/2024,5488.47998,5460.47998,-22.390,-0.41%,,,
7/1/2024,5471.080078,5475.089844,14.610,0.27%,,,
7/2/2024,5461.839844,5509.009766,33.920,0.62%,,,
7/3/2024,5507.439941,5537.02002,28.010,0.51%,,,
7/5/2024,5537.910156,5567.189941,30.170,0.54%,,,
7/8/2024,5572.75,5572.850098,5.660,0.10%,,,
7/9/2024,5584.240234,5576.97998,4.130,0.07%,,,
7/10/2024,5591.259766,5633.910156,56.930,1.02%,,,
7/11/2024,5635.209961,5584.540039,-49.370,-0.88%,,,
7/12/2024,5590.759766,5615.350098,30.810,0.55%,,,
7/15/2024,5638.160156,5631.220215,15.870,0.28%,,,
7/16/2024,5644.089844,5667.200195,35.980,0.64%,,,
7/17/2024,5610.069824,5588.27002,-78.930,-1.39%,,,
7/18/2024,5608.560059,5544.589844,-43.680,-0.78%,,,
7/19/2024,5543.370117,5505,-39.590,-0.71%,,,
7/22/2024,5544.540039,5564.410156,59.410,1.08%,,,
7/23/2024,5565.299805,5555.740234,-8.670,-0.16%,,,
7/24/2024,5505.839844,5427.129883,-128.610,-2.31%,,,
7/25/2024,5428.700195,5399.220215,-27.910,-0.51%,,,
7/26/2024,5433.669922,5459.100098,59.880,1.11%,,,
7/29/2024,5476.549805,5463.540039,4.440,0.08%,,,
7/30/2024,5478.72998,5436.439941,-27.100,-0.50%,,,
7/31/2024,5505.589844,5522.299805,85.860,1.58%,,,
8/1/2024,5537.839844,5446.680176,-75.620,-1.37%,,,
8/2/2024,5376.629883,5346.560059,-100.120,-1.84%,,,
